,Pillars,Q1,Q2,Q3,Q4,2020
0,Base Retention,98.60700990543585,55.32952579203009,0.0,0.0,35.90819929406659
1,Growth,69.3766825022249,32.43980071044446,0.0,0.0,25.454120803167342
2,PE Margin,106.27016324835846,34.08987296703025,,,73.25415738903283
