,Plans,Base Commissions,Growth Commissions,Quarterly Bonus,Vacancy Coverage,Payment Adjustment,Total
0,Account Executive,375361.3772,0.0,0,10750,11000,397111.3772
1,Director,45325.39147,20406.2287,0,0,0,65731.62017000001
2,Inside Sales,5676.49123,11294.982,0,4860,0,21831.47323
3,Inside Sales Hunter,0.0,17283.9893,0,0,0,17283.9893
4,Manager,32044.597000000005,18511.51003,0,0,0,50556.10703000001
5,SMB,0.0,5337.60412,0,0,0,5337.60412
6,Sales Executive,0.0,158030.91565,0,1500,0,159530.91565
